PC1,PC2,image_path,reconstruction_error,is_anomaly
-38.92364909033429,8.919334545087391,data/s0027/cam1-ccd1/images/hlsp_tica_tess_ffi_s0027-o1-00117223-cam1-ccd1_tess_v01_img_998.1143188476562_391.3247985839844.png,21.865029978005076,False
21.004177632352413,5.836622764769961,data/s0027/cam1-ccd1/images/hlsp_tica_tess_ffi_s0027-o1-00117300-cam1-ccd1_tess_v01_img_470.46624755859375_1820.0968017578125.png,10.044283098910112,False
15.640761839438374,-5.180781342589131,data/s0027/cam1-ccd1/images/hlsp_tica_tess_ffi_s0027-o1-00116516-cam1-ccd1_tess_v01_img_257.4248046875_398.4631042480469.png,29.943971850177448,False
-37.995742901734225,6.608899651251258,data/s0027/cam1-ccd1/images/hlsp_tica_tess_ffi_s0027-o1-00117414-cam1-ccd1_tess_v01_img_978.938232421875_1122.3870849609375.png,20.513127443104313,False
-21.268252969905937,-16.55311366653744,data/s0027/cam1-ccd1/images/hlsp_tica_tess_ffi_s0027-o1-00117223-cam1-ccd1_tess_v01_img_1712.3963623046875_409.9850158691406.png,31.69835357598398,False
21.45005607248087,5.236237316729974,data/s0027/cam1-ccd1/images/hlsp_tica_tess_ffi_s0027-o1-00118109-cam1-ccd1_tess_v01_img_470.50933837890625_1820.09912109375.png,15.809290321210954,False
-41.34297929899738,9.614410378700617,data/s0027/cam1-ccd1/images/hlsp_tica_tess_ffi_s0027-o1-00117130-cam1-ccd1_tess_v01_img_978.9425048828125_1122.381103515625.png,10.884477952074477,False
21.910482576318547,3.9437416105664544,data/s0027/cam1-ccd1/images/hlsp_tica_tess_ffi_s0027-o1-00117721-cam1-ccd1_tess_v01_img_470.4977722167969_1820.0938720703125.png,12.085957219270732,False
-38.878311600304336,3.6548395826744824,data/s0027/cam1-ccd1/images/hlsp_tica_tess_ffi_s0027-o1-00117447-cam1-ccd1_tess_v01_img_978.93994140625_1122.38623046875.png,15.97622728767738,False
-42.709133501523645,11.091963446918443,data/s0027/cam1-ccd1/images/hlsp_tica_tess_ffi_s0027-o1-00116947-cam1-ccd1_tess_v01_img_978.9459228515625_1122.376220703125.png,10.393262308714016,False
22.149704255606416,7.0113702724349665,data/s0027/cam1-ccd1/images/hlsp_tica_tess_ffi_s0027-o1-00116789-cam1-ccd1_tess_v01_img_470.5107116699219_1820.068603515625.png,11.18552195294673,False
20.954575556625066,6.343197349916902,data/s0027/cam1-ccd1/images/hlsp_tica_tess_ffi_s0027-o1-00116624-cam1-ccd1_tess_v01_img_470.5204162597656_1820.0673828125.png,13.37336073235376,False
21.510188200320343,5.737230512270643,data/s0027/cam1-ccd1/images/hlsp_tica_tess_ffi_s0027-o1-00118124-cam1-ccd1_tess_v01_img_470.51287841796875_1820.0994873046875.png,17.96044447766651,False
-13.248886416498191,-35.774235776053764,data/s0027/cam1-ccd1/images/hlsp_tica_tess_ffi_s0027-o1-00117880-cam1-ccd1_tess_v01_img_978.9386596679688_1122.3980712890625.png,23.078513303977605,False
14.62616726001605,-5.518304821574532,data/s0027/cam1-ccd1/images/hlsp_tica_tess_ffi_s0027-o1-00116624-cam1-ccd1_tess_v01_img_257.4146423339844_398.4571228027344.png,32.578588789224334,False
21.807480429886976,5.600627841211486,data/s0027/cam1-ccd1/images/hlsp_tica_tess_ffi_s0027-o1-00116883-cam1-ccd1_tess_v01_img_470.5082702636719_1820.07080078125.png,10.094541882081284,False
21.902783474513704,5.601755499873906,data/s0027/cam1-ccd1/images/hlsp_tica_tess_ffi_s0027-o1-00116829-cam1-ccd1_tess_v01_img_470.5090026855469_1820.070556640625.png,10.867370065561492,False
-14.198525575063146,-25.571922256572616,data/s0027/cam1-ccd1/images/hlsp_tica_tess_ffi_s0027-o1-00117223-cam1-ccd1_tess_v01_img_397.204345703125_297.1087951660156.png,34.85503938051465,False
18.095523830322772,-7.556258272132335,data/s0027/cam1-ccd1/images/hlsp_tica_tess_ffi_s0027-o1-00117223-cam1-ccd1_tess_v01_img_2068.29541015625_945.9083862304688.png,37.81872399302542,False
-8.291387645655616,-42.31967485572054,data/s0027/cam1-ccd1/images/hlsp_tica_tess_ffi_s0027-o1-00118127-cam1-ccd1_tess_v01_img_978.9511108398438_1122.41455078125.png,26.25656319338824,False
21.20167351860848,7.2745704633581525,data/s0027/cam1-ccd1/images/hlsp_tica_tess_ffi_s0027-o1-00116947-cam1-ccd1_tess_v01_img_470.5074462890625_1820.0736083984375.png,11.817660906940585,False
22.2116892347269,7.311163097011667,data/s0027/cam1-ccd1/images/hlsp_tica_tess_ffi_s0027-o1-00117375-cam1-ccd1_tess_v01_img_470.4661865234375_1820.0989990234375.png,10.877434019336492,False
-9.287877465692361,2.8783194234690823,data/s0027/cam1-ccd1/images/hlsp_tica_tess_ffi_s0027-o1-00117223-cam1-ccd1_tess_v01_img_1505.9586181640625_1578.3509521484375.png,45.407389036683306,True
23.102447164180678,5.134442298581496,data/s0027/cam1-ccd1/images/hlsp_tica_tess_ffi_s0027-o1-00117704-cam1-ccd1_tess_v01_img_470.4976806640625_1820.0938720703125.png,13.88248027876985,False
1.1675152406483287,-18.847374203677298,data/s0027/cam1-ccd1/images/hlsp_tica_tess_ffi_s0027-o1-00118055-cam1-ccd1_tess_v01_img_257.38421630859375_398.4773864746094.png,41.83944916281486,False
-34.783571609618065,-4.008237480850857,data/s0027/cam1-ccd1/images/hlsp_tica_tess_ffi_s0027-o1-00117634-cam1-ccd1_tess_v01_img_978.9391479492188_1122.3936767578125.png,25.0293793959906,False
4.141236587755182,-6.15870341518442,data/s0027/cam1-ccd1/images/hlsp_tica_tess_ffi_s0027-o1-00117223-cam1-ccd1_tess_v01_img_1816.6461181640625_1626.5059814453125.png,45.87412121299636,True
14.146048762031157,-3.471236467698642,data/s0027/cam1-ccd1/images/hlsp_tica_tess_ffi_s0027-o1-00117223-cam1-ccd1_tess_v01_img_208.45359802246094_216.29147338867188.png,34.25367312112134,False
16.079509841612797,-5.8455890145227976,data/s0027/cam1-ccd1/images/hlsp_tica_tess_ffi_s0027-o1-00118171-cam1-ccd1_tess_v01_img_257.40728759765625_398.4774475097656.png,31.81260845841691,False
-41.600070564132025,11.319676326690256,data/s0027/cam1-ccd1/images/hlsp_tica_tess_ffi_s0027-o1-00117142-cam1-ccd1_tess_v01_img_978.9407348632812_1122.380615234375.png,13.046229838061024,False
21.700403221070253,7.006641452558245,data/s0027/cam1-ccd1/images/hlsp_tica_tess_ffi_s0027-o1-00117930-cam1-ccd1_tess_v01_img_470.50042724609375_1820.09814453125.png,17.560263297013115,False
21.667446307872055,3.956845824986186,data/s0027/cam1-ccd1/images/hlsp_tica_tess_ffi_s0027-o1-00118097-cam1-ccd1_tess_v01_img_470.50811767578125_1820.1007080078125.png,15.476452667715652,False
23.15901704470761,5.016367244094137,data/s0027/cam1-ccd1/images/hlsp_tica_tess_ffi_s0027-o1-00117711-cam1-ccd1_tess_v01_img_470.4971923828125_1820.0938720703125.png,11.363003679481537,False
-37.35680557610694,7.656869535286964,data/s0027/cam1-ccd1/images/hlsp_tica_tess_ffi_s0027-o1-00117223-cam1-ccd1_tess_v01_img_1487.382568359375_1347.908935546875.png,27.13624695493324,False
21.94632748974454,7.919210710690792,data/s0027/cam1-ccd1/images/hlsp_tica_tess_ffi_s0027-o1-00116814-cam1-ccd1_tess_v01_img_470.5091247558594_1820.0701904296875.png,12.618981793383812,False
-42.51865175003609,10.695345794237841,data/s0027/cam1-ccd1/images/hlsp_tica_tess_ffi_s0027-o1-00116511-cam1-ccd1_tess_v01_img_978.966796875_1122.377685546875.png,13.496575628261986,False
21.2811709452953,3.0090360644989462,data/s0027/cam1-ccd1/images/hlsp_tica_tess_ffi_s0027-o1-00118082-cam1-ccd1_tess_v01_img_470.5071716308594_1820.1015625.png,16.15174056113708,False
21.231117586115825,3.656410261546248,data/s0027/cam1-ccd1/images/hlsp_tica_tess_ffi_s0027-o1-00118141-cam1-ccd1_tess_v01_img_470.5157775878906_1820.1021728515625.png,15.3086700625785,False
-36.29368182960963,8.086620827005442,data/s0027/cam1-ccd1/images/hlsp_tica_tess_ffi_s0027-o1-00117223-cam1-ccd1_tess_v01_img_938.6024780273438_559.7587280273438.png,33.79293083920334,False
-35.56941636792502,-5.697058254605791,data/s0027/cam1-ccd1/images/hlsp_tica_tess_ffi_s0027-o1-00117560-cam1-ccd1_tess_v01_img_978.9403076171875_1122.390380859375.png,25.083390479865734,False
21.493119154978473,6.56081508310092,data/s0027/cam1-ccd1/images/hlsp_tica_tess_ffi_s0027-o1-00117251-cam1-ccd1_tess_v01_img_470.5008239746094_1820.0802001953125.png,9.469381024484088,False
21.95919096207989,6.409492023764433,data/s0027/cam1-ccd1/images/hlsp_tica_tess_ffi_s0027-o1-00117484-cam1-ccd1_tess_v01_img_470.46490478515625_1820.103271484375.png,10.007200005328574,False
21.705322974822693,6.845850326160239,data/s0027/cam1-ccd1/images/hlsp_tica_tess_ffi_s0027-o1-00117248-cam1-ccd1_tess_v01_img_470.5008544921875_1820.0810546875.png,9.459611311484762,False
-19.3260808609121,-20.602844377919485,data/s0027/cam1-ccd1/images/hlsp_tica_tess_ffi_s0027-o1-00118159-cam1-ccd1_tess_v01_img_978.9562377929688_1122.403564453125.png,30.222274081750705,False
22.195510727287356,7.070654908142597,data/s0027/cam1-ccd1/images/hlsp_tica_tess_ffi_s0027-o1-00116971-cam1-ccd1_tess_v01_img_470.50555419921875_1820.073974609375.png,11.794843948408804,False
21.812448091462475,6.993337881047809,data/s0027/cam1-ccd1/images/hlsp_tica_tess_ffi_s0027-o1-00117353-cam1-ccd1_tess_v01_img_470.4648742675781_1820.0997314453125.png,10.586153681992258,False
21.73271493613319,8.287206544372152,data/s0027/cam1-ccd1/images/hlsp_tica_tess_ffi_s0027-o1-00117447-cam1-ccd1_tess_v01_img_470.4665222167969_1820.1004638671875.png,12.274256625091395,False
19.10198756343037,-10.848809294842242,data/s0027/cam1-ccd1/images/hlsp_tica_tess_ffi_s0027-o1-00117223-cam1-ccd1_tess_v01_img_66.62169647216797_1211.725341796875.png,40.42455849542494,False
20.69008172912091,5.655277147217362,data/s0027/cam1-ccd1/images/hlsp_tica_tess_ffi_s0027-o1-00116819-cam1-ccd1_tess_v01_img_470.51055908203125_1820.069580078125.png,11.754928871237384,False
21.048317377126384,7.127981641125936,data/s0027/cam1-ccd1/images/hlsp_tica_tess_ffi_s0027-o1-00116660-cam1-ccd1_tess_v01_img_470.5187683105469_1820.068115234375.png,11.313566937487803,False
-13.954652993085768,-12.194779039690836,data/s0027/cam1-ccd1/images/hlsp_tica_tess_ffi_s0027-o1-00117223-cam1-ccd1_tess_v01_img_1563.4295654296875_560.3978881835938.png,37.942999807245755,False
-33.51929738384425,-5.332051111984275,data/s0027/cam1-ccd1/images/hlsp_tica_tess_ffi_s0027-o1-00117665-cam1-ccd1_tess_v01_img_978.9392700195312_1122.3955078125.png,27.096853725039427,False
-36.02980300086736,-2.8823846797665453,data/s0027/cam1-ccd1/images/hlsp_tica_tess_ffi_s0027-o1-00117582-cam1-ccd1_tess_v01_img_978.9378662109375_1122.3917236328125.png,25.50850150014027,False
21.55994012798514,6.452994675941732,data/s0027/cam1-ccd1/images/hlsp_tica_tess_ffi_s0027-o1-00116997-cam1-ccd1_tess_v01_img_470.5051574707031_1820.073974609375.png,9.898760409814946,False
-13.669902930851189,-35.05986042648695,data/s0027/cam1-ccd1/images/hlsp_tica_tess_ffi_s0027-o1-00117851-cam1-ccd1_tess_v01_img_978.9391479492188_1122.3994140625.png,24.166052724595044,False
23.251207985239898,4.991226428655148,data/s0027/cam1-ccd1/images/hlsp_tica_tess_ffi_s0027-o1-00117800-cam1-ccd1_tess_v01_img_470.49786376953125_1820.09619140625.png,11.583682457239703,False
13.79766214267786,-15.145082442970715,data/s0027/cam1-ccd1/images/hlsp_tica_tess_ffi_s0027-o1-00117223-cam1-ccd1_tess_v01_img_59.04209899902344_655.2064819335938.png,42.15519225073678,False
-31.86294698362843,-1.0837455903036466,data/s0027/cam1-ccd1/images/hlsp_tica_tess_ffi_s0027-o1-00117223-cam1-ccd1_tess_v01_img_321.13885498046875_1192.0142822265625.png,30.1337821301902,False
12.810034416302711,-7.0334940053629715,data/s0027/cam1-ccd1/images/hlsp_tica_tess_ffi_s0027-o1-00117395-cam1-ccd1_tess_v01_img_257.390869140625_398.4638977050781.png,32.955583387232444,False
-12.306704194229557,-30.69205626309573,data/s0027/cam1-ccd1/images/hlsp_tica_tess_ffi_s0027-o1-00118148-cam1-ccd1_tess_v01_img_978.9547729492188_1122.4100341796875.png,25.66963246426931,False
-24.00162907001414,-1.5548642006200026,data/s0027/cam1-ccd1/images/hlsp_tica_tess_ffi_s0027-o1-00117223-cam1-ccd1_tess_v01_img_1194.4300537109375_889.0214233398438.png,33.58405685312234,False
-39.52765326773578,3.5930092200765213,data/s0027/cam1-ccd1/images/hlsp_tica_tess_ffi_s0027-o1-00117484-cam1-ccd1_tess_v01_img_978.9393310546875_1122.3885498046875.png,19.179818880060694,False
-1.5744250506257536,-37.30272397743365,data/s0027/cam1-ccd1/images/hlsp_tica_tess_ffi_s0027-o1-00118036-cam1-ccd1_tess_v01_img_978.9443359375_1122.41064453125.png,27.691502746721483,False
20.252250577962407,5.178592312602403,data/s0027/cam1-ccd1/images/hlsp_tica_tess_ffi_s0027-o1-00117057-cam1-ccd1_tess_v01_img_470.50494384765625_1820.0751953125.png,12.232266923382467,False
-39.515231785741,9.209179547743076,data/s0027/cam1-ccd1/images/hlsp_tica_tess_ffi_s0027-o1-00117223-cam1-ccd1_tess_v01_img_1200.0223388671875_1031.9732666015625.png,16.727726315442123,False
21.036589348985125,7.048158027254266,data/s0027/cam1-ccd1/images/hlsp_tica_tess_ffi_s0027-o1-00117119-cam1-ccd1_tess_v01_img_470.5040283203125_1820.0772705078125.png,10.168783648948228,False
22.161197778336906,5.084896508161798,data/s0027/cam1-ccd1/images/hlsp_tica_tess_ffi_s0027-o1-00117629-cam1-ccd1_tess_v01_img_470.4971923828125_1820.091552734375.png,9.588131847876163,False
-15.003957839788173,-38.434858315818,data/s0027/cam1-ccd1/images/hlsp_tica_tess_ffi_s0027-o1-00118097-cam1-ccd1_tess_v01_img_978.9475708007812_1122.41259765625.png,26.307737507180715,False
21.963859781580837,5.526076004398237,data/s0027/cam1-ccd1/images/hlsp_tica_tess_ffi_s0027-o1-00116491-cam1-ccd1_tess_v01_img_470.5384521484375_1820.0673828125.png,12.113951186968823,False
21.243582900086537,7.050550746849953,data/s0027/cam1-ccd1/images/hlsp_tica_tess_ffi_s0027-o1-00116741-cam1-ccd1_tess_v01_img_470.512451171875_1820.06884765625.png,10.871113562300668,False
22.76742901627832,6.087730329645555,data/s0027/cam1-ccd1/images/hlsp_tica_tess_ffi_s0027-o1-00117634-cam1-ccd1_tess_v01_img_470.4637756347656_1820.1072998046875.png,10.609457429902559,False
14.272277062444441,-6.186882540573359,data/s0027/cam1-ccd1/images/hlsp_tica_tess_ffi_s0027-o1-00116716-cam1-ccd1_tess_v01_img_257.4081726074219_398.4552307128906.png,30.589582778742262,False
-11.494702946794687,-20.740024960690274,data/s0027/cam1-ccd1/images/hlsp_tica_tess_ffi_s0027-o1-00117223-cam1-ccd1_tess_v01_img_319.4779968261719_366.4352722167969.png,42.08645128040917,False
-42.68076792373744,11.994335750443144,data/s0027/cam1-ccd1/images/hlsp_tica_tess_ffi_s0027-o1-00116814-cam1-ccd1_tess_v01_img_978.946533203125_1122.374267578125.png,14.289320148243398,False
19.474215800907924,-14.289947382444876,data/s0027/cam1-ccd1/images/hlsp_tica_tess_ffi_s0027-o1-00117223-cam1-ccd1_tess_v01_img_71.85543060302734_641.9703979492188.png,40.52342322331959,False
22.02288578227994,6.26826802407447,data/s0027/cam1-ccd1/images/hlsp_tica_tess_ffi_s0027-o1-00116929-cam1-ccd1_tess_v01_img_470.50885009765625_1820.0712890625.png,10.831511302430558,False
17.619621465035326,2.7351112475838395,data/s0027/cam1-ccd1/images/hlsp_tica_tess_ffi_s0027-o1-00117989-cam1-ccd1_tess_v01_img_470.50299072265625_1820.0970458984375.png,30.84282746956091,False
22.727561310908765,4.261448750041118,data/s0027/cam1-ccd1/images/hlsp_tica_tess_ffi_s0027-o1-00118159-cam1-ccd1_tess_v01_img_470.51904296875_1820.1007080078125.png,14.600739980000759,False
18.710233125919455,-4.335287680243693,data/s0027/cam1-ccd1/images/hlsp_tica_tess_ffi_s0027-o1-00117024-cam1-ccd1_tess_v01_img_257.3958740234375_398.4571838378906.png,28.017715679021755,False
-38.26748512170231,7.949874341073596,data/s0027/cam1-ccd1/images/hlsp_tica_tess_ffi_s0027-o1-00117223-cam1-ccd1_tess_v01_img_580.83056640625_1693.591796875.png,24.269524159085282,False
25.618117717518025,5.756676564437738,data/s0027/cam1-ccd1/images/hlsp_tica_tess_ffi_s0027-o1-00117223-cam1-ccd1_tess_v01_img_55.25545883178711_1935.3345947265625.png,40.402236785310286,False
21.848325928716722,2.8503425060025127,data/s0027/cam1-ccd1/images/hlsp_tica_tess_ffi_s0027-o1-00118083-cam1-ccd1_tess_v01_img_470.5074768066406_1820.1009521484375.png,17.00235311079141,False
-8.368095209515278,-35.73041195273965,data/s0027/cam1-ccd1/images/hlsp_tica_tess_ffi_s0027-o1-00117953-cam1-ccd1_tess_v01_img_978.9401245117188_1122.40380859375.png,25.967041397945465,False
20.983986491882657,4.066504761046028,data/s0027/cam1-ccd1/images/hlsp_tica_tess_ffi_s0027-o1-00117395-cam1-ccd1_tess_v01_img_470.4656982421875_1820.1002197265625.png,10.144843853179536,False
3.3329756494076306,-9.478020289337213,data/s0027/cam1-ccd1/images/hlsp_tica_tess_ffi_s0027-o1-00117223-cam1-ccd1_tess_v01_img_1464.3359375_280.7012939453125.png,40.86369598538862,False
22.065135136448887,7.318790636025787,data/s0027/cam1-ccd1/images/hlsp_tica_tess_ffi_s0027-o1-00117560-cam1-ccd1_tess_v01_img_470.4983215332031_1820.08984375.png,11.195041925392495,False
21.728250930734184,4.7885156690432344,data/s0027/cam1-ccd1/images/hlsp_tica_tess_ffi_s0027-o1-00117750-cam1-ccd1_tess_v01_img_470.4977722167969_1820.094970703125.png,11.351721464117352,False
-13.104040965929237,-35.99007430900739,data/s0027/cam1-ccd1/images/hlsp_tica_tess_ffi_s0027-o1-00117881-cam1-ccd1_tess_v01_img_978.9401245117188_1122.3990478515625.png,23.591836648459857,False
-41.88457182123489,11.713641821201529,data/s0027/cam1-ccd1/images/hlsp_tica_tess_ffi_s0027-o1-00116624-cam1-ccd1_tess_v01_img_978.9551391601562_1122.37353515625.png,9.43475490203056,False
-36.77348129848419,8.329501438346702,data/s0027/cam1-ccd1/images/hlsp_tica_tess_ffi_s0027-o1-00117223-cam1-ccd1_tess_v01_img_983.4379272460938_761.7553100585938.png,41.68450857350594,False
19.425909610864665,2.663930150337697,data/s0027/cam1-ccd1/images/hlsp_tica_tess_ffi_s0027-o1-00118036-cam1-ccd1_tess_v01_img_470.5055847167969_1820.099609375.png,18.45316336428144,False
20.32660602413352,4.978544052460647,data/s0027/cam1-ccd1/images/hlsp_tica_tess_ffi_s0027-o1-00116511-cam1-ccd1_tess_v01_img_470.5340270996094_1820.0697021484375.png,11.84027368699855,False
-42.45509167103951,10.607796041580919,data/s0027/cam1-ccd1/images/hlsp_tica_tess_ffi_s0027-o1-00116829-cam1-ccd1_tess_v01_img_978.9463500976562_1122.3741455078125.png,9.3625586219635,False
18.341247094627583,-8.82542436712896,data/s0027/cam1-ccd1/images/hlsp_tica_tess_ffi_s0027-o1-00117223-cam1-ccd1_tess_v01_img_1533.16015625_1838.0003662109375.png,35.84855310639985,False
20.67762245932895,5.680929750467539,data/s0027/cam1-ccd1/images/hlsp_tica_tess_ffi_s0027-o1-00117899-cam1-ccd1_tess_v01_img_470.4991760253906_1820.0965576171875.png,15.088149033758082,False
0.913038880398109,-9.474655250989931,data/s0027/cam1-ccd1/images/hlsp_tica_tess_ffi_s0027-o1-00117339-cam1-ccd1_tess_v01_img_470.537109375_1820.0675048828125.png,63.31405549918274,True
22.465144079618444,7.3674487801722846,data/s0027/cam1-ccd1/images/hlsp_tica_tess_ffi_s0027-o1-00117024-cam1-ccd1_tess_v01_img_470.5025939941406_1820.075439453125.png,12.178287798509123,False
-27.21892473258164,-15.554668131670027,data/s0027/cam1-ccd1/images/hlsp_tica_tess_ffi_s0027-o1-00117724-cam1-ccd1_tess_v01_img_978.939697265625_1122.396240234375.png,25.699129001364852,False
22.54800001103318,6.048456891821152,data/s0027/cam1-ccd1/images/hlsp_tica_tess_ffi_s0027-o1-00117764-cam1-ccd1_tess_v01_img_470.4965515136719_1820.095458984375.png,12.057944432704822,False
20.5081703671491,6.389460830530047,data/s0027/cam1-ccd1/images/hlsp_tica_tess_ffi_s0027-o1-00117458-cam1-ccd1_tess_v01_img_470.4651184082031_1820.102294921875.png,12.245769647836616,False
21.117926046349755,5.297625891701861,data/s0027/cam1-ccd1/images/hlsp_tica_tess_ffi_s0027-o1-00117325-cam1-ccd1_tess_v01_img_470.500732421875_1820.0850830078125.png,10.04946935647058,False
21.279242859072163,6.344036601797869,data/s0027/cam1-ccd1/images/hlsp_tica_tess_ffi_s0027-o1-00116951-cam1-ccd1_tess_v01_img_470.5057067871094_1820.0732421875.png,11.506076599258328,False
-11.971147616619048,-24.066980721093348,data/s0027/cam1-ccd1/images/hlsp_tica_tess_ffi_s0027-o1-00117223-cam1-ccd1_tess_v01_img_565.6270141601562_301.2730712890625.png,35.340364372311036,False
-14.005758090029117,-36.38896596233579,data/s0027/cam1-ccd1/images/hlsp_tica_tess_ffi_s0027-o1-00118070-cam1-ccd1_tess_v01_img_978.9462280273438_1122.4146728515625.png,26.74999906625747,False
-36.65321039680356,-3.510652088165889,data/s0027/cam1-ccd1/images/hlsp_tica_tess_ffi_s0027-o1-00117587-cam1-ccd1_tess_v01_img_978.9393310546875_1122.3917236328125.png,24.148131933937062,False
21.149420127834684,6.039585361657357,data/s0027/cam1-ccd1/images/hlsp_tica_tess_ffi_s0027-o1-00117058-cam1-ccd1_tess_v01_img_470.5025939941406_1820.075439453125.png,9.522279237031627,False
21.770506235949007,6.584569643891484,data/s0027/cam1-ccd1/images/hlsp_tica_tess_ffi_s0027-o1-00116839-cam1-ccd1_tess_v01_img_470.5098876953125_1820.07080078125.png,11.343532512783984,False
21.99776793790837,7.01559523122685,data/s0027/cam1-ccd1/images/hlsp_tica_tess_ffi_s0027-o1-00117042-cam1-ccd1_tess_v01_img_470.5039367675781_1820.074462890625.png,10.226192972015436,False
22.38268086744548,5.044604080132991,data/s0027/cam1-ccd1/images/hlsp_tica_tess_ffi_s0027-o1-00117587-cam1-ccd1_tess_v01_img_470.46453857421875_1820.105712890625.png,9.973187370989795,False
24.6386610554042,-2.915410082911712,data/s0027/cam1-ccd1/images/hlsp_tica_tess_ffi_s0027-o1-00117223-cam1-ccd1_tess_v01_img_1873.67919921875_1607.6387939453125.png,37.127349665260105,False
20.73535955838505,5.68706857348322,data/s0027/cam1-ccd1/images/hlsp_tica_tess_ffi_s0027-o1-00116516-cam1-ccd1_tess_v01_img_470.5313720703125_1820.070068359375.png,11.097169332225874,False
12.040146151241903,-9.762780600788192,data/s0027/cam1-ccd1/images/hlsp_tica_tess_ffi_s0027-o1-00118162-cam1-ccd1_tess_v01_img_257.4032287597656_398.4777526855469.png,36.3446732436095,False
-41.73866533446037,10.173472453146935,data/s0027/cam1-ccd1/images/hlsp_tica_tess_ffi_s0027-o1-00116971-cam1-ccd1_tess_v01_img_978.9441528320312_1122.376220703125.png,10.529291543161229,False
-25.091173696018075,-16.65605420706317,data/s0027/cam1-ccd1/images/hlsp_tica_tess_ffi_s0027-o1-00117763-cam1-ccd1_tess_v01_img_978.9381103515625_1122.39599609375.png,20.805760520770146,False
21.964467392450477,6.676860145292159,data/s0027/cam1-ccd1/images/hlsp_tica_tess_ffi_s0027-o1-00117596-cam1-ccd1_tess_v01_img_470.4981994628906_1820.0904541015625.png,12.154345224241567,False
20.98917658689393,5.923402184103962,data/s0027/cam1-ccd1/images/hlsp_tica_tess_ffi_s0027-o1-00117130-cam1-ccd1_tess_v01_img_470.5032653808594_1820.0791015625.png,10.123714872532295,False
16.749747869508038,-6.829838678467608,data/s0027/cam1-ccd1/images/hlsp_tica_tess_ffi_s0027-o1-00117223-cam1-ccd1_tess_v01_img_93.54696655273438_222.14242553710938.png,37.90598493527648,False
-10.094431505255132,-41.31478240201063,data/s0027/cam1-ccd1/images/hlsp_tica_tess_ffi_s0027-o1-00118111-cam1-ccd1_tess_v01_img_978.9479370117188_1122.41552734375.png,23.959893292235794,False
21.248698319557825,6.266732103483166,data/s0027/cam1-ccd1/images/hlsp_tica_tess_ffi_s0027-o1-00117911-cam1-ccd1_tess_v01_img_470.4977111816406_1820.0980224609375.png,14.854407302597286,False
20.343428042496644,1.4369727763248576,data/s0027/cam1-ccd1/images/hlsp_tica_tess_ffi_s0027-o1-00118111-cam1-ccd1_tess_v01_img_470.5093078613281_1820.10107421875.png,16.522757809466636,False
22.732884876779142,5.734188526508091,data/s0027/cam1-ccd1/images/hlsp_tica_tess_ffi_s0027-o1-00117806-cam1-ccd1_tess_v01_img_470.4977722167969_1820.0970458984375.png,11.794815719769373,False
22.30824129604678,6.962747041454941,data/s0027/cam1-ccd1/images/hlsp_tica_tess_ffi_s0027-o1-00117947-cam1-ccd1_tess_v01_img_470.501708984375_1820.1004638671875.png,16.203855643909357,False
21.671804433564947,6.574557779926551,data/s0027/cam1-ccd1/images/hlsp_tica_tess_ffi_s0027-o1-00117878-cam1-ccd1_tess_v01_img_470.4991455078125_1820.09716796875.png,14.204751059605476,False
13.413851162183656,-0.3993980960624115,data/s0027/cam1-ccd1/images/hlsp_tica_tess_ffi_s0027-o1-00117223-cam1-ccd1_tess_v01_img_1066.5084228515625_1869.28369140625.png,23.755329732789566,False
-13.864432046317098,-26.996991970526185,data/s0027/cam1-ccd1/images/hlsp_tica_tess_ffi_s0027-o1-00118150-cam1-ccd1_tess_v01_img_978.953857421875_1122.406494140625.png,28.204555975506423,False
15.417302588786683,-5.222565828784926,data/s0027/cam1-ccd1/images/hlsp_tica_tess_ffi_s0027-o1-00116814-cam1-ccd1_tess_v01_img_257.4028015136719_398.4552001953125.png,29.57804559248819,False
17.50069493890363,-4.641151574524129,data/s0027/cam1-ccd1/images/hlsp_tica_tess_ffi_s0027-o1-00116737-cam1-ccd1_tess_v01_img_257.4068603515625_398.4549865722656.png,27.63525417298337,False
18.469278932396655,-6.650042868423438,data/s0027/cam1-ccd1/images/hlsp_tica_tess_ffi_s0027-o1-00117223-cam1-ccd1_tess_v01_img_863.238525390625_2014.2230224609375.png,39.59516821736264,False
20.72948303390299,6.514797877357819,data/s0027/cam1-ccd1/images/hlsp_tica_tess_ffi_s0027-o1-00117223-cam1-ccd1_tess_v01_img_470.5028381347656_1820.0809326171875.png,10.960618932653933,False
-28.46926372884282,-3.977299209156655,data/s0027/cam1-ccd1/images/hlsp_tica_tess_ffi_s0027-o1-00117223-cam1-ccd1_tess_v01_img_1766.458251953125_726.1173095703125.png,30.903646281979945,False
21.596661348216973,6.501049645549044,data/s0027/cam1-ccd1/images/hlsp_tica_tess_ffi_s0027-o1-00116734-cam1-ccd1_tess_v01_img_470.51214599609375_1820.0687255859375.png,11.456470940660306,False
-38.76411614050138,2.058097962109541,data/s0027/cam1-ccd1/images/hlsp_tica_tess_ffi_s0027-o1-00117223-cam1-ccd1_tess_v01_img_560.6702270507812_1703.527587890625.png,22.69934053474515,False
5.239246318330195,-18.668355162415722,data/s0027/cam1-ccd1/images/hlsp_tica_tess_ffi_s0027-o1-00118127-cam1-ccd1_tess_v01_img_257.39129638671875_398.4769592285156.png,38.64329065819243,False
-24.749957182895628,-0.37723216898525314,data/s0027/cam1-ccd1/images/hlsp_tica_tess_ffi_s0027-o1-00117223-cam1-ccd1_tess_v01_img_1301.00537109375_1737.4332275390625.png,33.08077723035008,False
21.473478180788227,4.5060088409671035,data/s0027/cam1-ccd1/images/hlsp_tica_tess_ffi_s0027-o1-00116476-cam1-ccd1_tess_v01_img_470.5425720214844_1820.0628662109375.png,11.256455565901039,False
21.30839656392248,5.735281053908541,data/s0027/cam1-ccd1/images/hlsp_tica_tess_ffi_s0027-o1-00116499-cam1-ccd1_tess_v01_img_470.5363464355469_1820.069091796875.png,11.628593355015488,False
20.892922053865224,5.225576836744816,data/s0027/cam1-ccd1/images/hlsp_tica_tess_ffi_s0027-o1-00117013-cam1-ccd1_tess_v01_img_470.5066833496094_1820.0740966796875.png,10.509864249817085,False
22.208562819464305,6.639921582961879,data/s0027/cam1-ccd1/images/hlsp_tica_tess_ffi_s0027-o1-00117110-cam1-ccd1_tess_v01_img_470.5033874511719_1820.0762939453125.png,9.990784686091924,False
-39.14623860208226,5.385614046581583,data/s0027/cam1-ccd1/images/hlsp_tica_tess_ffi_s0027-o1-00117395-cam1-ccd1_tess_v01_img_978.9396362304688_1122.3848876953125.png,18.94864366753762,False
20.851585837841807,6.115878683349856,data/s0027/cam1-ccd1/images/hlsp_tica_tess_ffi_s0027-o1-00117064-cam1-ccd1_tess_v01_img_470.5033874511719_1820.0772705078125.png,10.466758983198101,False
21.010610364809565,2.9702927727507817,data/s0027/cam1-ccd1/images/hlsp_tica_tess_ffi_s0027-o1-00118070-cam1-ccd1_tess_v01_img_470.50750732421875_1820.1016845703125.png,16.58587858506454,False
21.807097879556387,6.7361189154077525,data/s0027/cam1-ccd1/images/hlsp_tica_tess_ffi_s0027-o1-00116921-cam1-ccd1_tess_v01_img_470.5071716308594_1820.072509765625.png,10.750399020452544,False
21.93838966369724,6.707514576002634,data/s0027/cam1-ccd1/images/hlsp_tica_tess_ffi_s0027-o1-00116717-cam1-ccd1_tess_v01_img_470.5148010253906_1820.0684814453125.png,10.409440148320554,False
20.809394746822527,5.042378170099761,data/s0027/cam1-ccd1/images/hlsp_tica_tess_ffi_s0027-o1-00117900-cam1-ccd1_tess_v01_img_470.5004577636719_1820.09716796875.png,14.391534490425043,False
24.379943624384186,-3.8719321450327278,data/s0027/cam1-ccd1/images/hlsp_tica_tess_ffi_s0027-o1-00117223-cam1-ccd1_tess_v01_img_1904.594970703125_1417.579345703125.png,34.98795938887303,False
-39.78912387418233,8.705388258839733,data/s0027/cam1-ccd1/images/hlsp_tica_tess_ffi_s0027-o1-00117295-cam1-ccd1_tess_v01_img_978.9400634765625_1122.3822021484375.png,12.488389583668301,False
15.015152242226977,-7.295782055822466,data/s0027/cam1-ccd1/images/hlsp_tica_tess_ffi_s0027-o1-00117300-cam1-ccd1_tess_v01_img_257.39154052734375_398.4609680175781.png,29.77656602098181,False
20.763435077595943,2.0000752831672424,data/s0027/cam1-ccd1/images/hlsp_tica_tess_ffi_s0027-o1-00117223-cam1-ccd1_tess_v01_img_1884.19775390625_85.77992248535156.png,38.053421402379065,False
23.02592263150449,5.302878856413295,data/s0027/cam1-ccd1/images/hlsp_tica_tess_ffi_s0027-o1-00118163-cam1-ccd1_tess_v01_img_470.5188903808594_1820.1007080078125.png,12.651149572850507,False
21.436283206639,4.844668199710996,data/s0027/cam1-ccd1/images/hlsp_tica_tess_ffi_s0027-o1-00117881-cam1-ccd1_tess_v01_img_470.50042724609375_1820.096435546875.png,13.38675302571132,False
-43.43237999383858,14.827639957747607,data/s0027/cam1-ccd1/images/hlsp_tica_tess_ffi_s0027-o1-00117223-cam1-ccd1_tess_v01_img_945.236328125_1470.650634765625.png,48.83846524823895,True
-40.777916876150975,8.600813398621144,data/s0027/cam1-ccd1/images/hlsp_tica_tess_ffi_s0027-o1-00117251-cam1-ccd1_tess_v01_img_978.9411010742188_1122.3812255859375.png,13.259734496903251,False
21.782714650498196,5.224269524924133,data/s0027/cam1-ccd1/images/hlsp_tica_tess_ffi_s0027-o1-00117049-cam1-ccd1_tess_v01_img_470.5041198730469_1820.076171875.png,12.001670117718701,False
-42.36912048171787,12.490792428496636,data/s0027/cam1-ccd1/images/hlsp_tica_tess_ffi_s0027-o1-00116921-cam1-ccd1_tess_v01_img_978.945556640625_1122.3756103515625.png,10.832595841358772,False
-12.799840406394603,-36.672711125061454,data/s0027/cam1-ccd1/images/hlsp_tica_tess_ffi_s0027-o1-00118082-cam1-ccd1_tess_v01_img_978.9463500976562_1122.414794921875.png,24.475611556017473,False
25.840365189654516,-3.5023705091963673,data/s0027/cam1-ccd1/images/hlsp_tica_tess_ffi_s0027-o1-00117223-cam1-ccd1_tess_v01_img_1915.1671142578125_1546.0313720703125.png,39.35921906966703,False
21.829286063117486,3.5987639570995054,data/s0027/cam1-ccd1/images/hlsp_tica_tess_ffi_s0027-o1-00117724-cam1-ccd1_tess_v01_img_470.4979248046875_1820.0947265625.png,13.522863833202868,False
21.045686435859125,5.5035742226641915,data/s0027/cam1-ccd1/images/hlsp_tica_tess_ffi_s0027-o1-00117563-cam1-ccd1_tess_v01_img_470.4638671875_1820.1044921875.png,10.68937736055333,False
20.696985800379558,5.633083128248197,data/s0027/cam1-ccd1/images/hlsp_tica_tess_ffi_s0027-o1-00116962-cam1-ccd1_tess_v01_img_470.5052795410156_1820.0736083984375.png,9.835067329316603,False
21.271773962852738,3.323101464794109,data/s0027/cam1-ccd1/images/hlsp_tica_tess_ffi_s0027-o1-00118148-cam1-ccd1_tess_v01_img_470.5176086425781_1820.10302734375.png,14.390874311699351,False
-40.64025562703944,7.039876450806321,data/s0027/cam1-ccd1/images/hlsp_tica_tess_ffi_s0027-o1-00117375-cam1-ccd1_tess_v01_img_978.939453125_1122.384521484375.png,15.810012138712894,False
-25.418976063293076,0.9463439929022069,data/s0027/cam1-ccd1/images/hlsp_tica_tess_ffi_s0027-o1-00117223-cam1-ccd1_tess_v01_img_347.16900634765625_613.7200927734375.png,36.48986026785491,False
21.66916245339218,7.3966640118490385,data/s0027/cam1-ccd1/images/hlsp_tica_tess_ffi_s0027-o1-00117410-cam1-ccd1_tess_v01_img_470.4647216796875_1820.1007080078125.png,11.710530489136904,False
-26.805261840963425,-15.291137316475384,data/s0027/cam1-ccd1/images/hlsp_tica_tess_ffi_s0027-o1-00117764-cam1-ccd1_tess_v01_img_978.9378662109375_1122.3968505859375.png,22.248366076282622,False
20.078046971712965,-10.389731792028709,data/s0027/cam1-ccd1/images/hlsp_tica_tess_ffi_s0027-o1-00117223-cam1-ccd1_tess_v01_img_65.07963562011719_1136.1943359375.png,35.9577173140035,False
7.826055256193702,-11.898396252702296,data/s0027/cam1-ccd1/images/hlsp_tica_tess_ffi_s0027-o1-00117778-cam1-ccd1_tess_v01_img_257.3841857910156_398.4715881347656.png,39.090055329224064,False
-17.9277820760764,-6.375880256492691,data/s0027/cam1-ccd1/images/hlsp_tica_tess_ffi_s0027-o1-00117223-cam1-ccd1_tess_v01_img_927.4927368164062_608.2161254882812.png,36.49117778060027,False
20.448481156533425,1.3922892146261598,data/s0027/cam1-ccd1/images/hlsp_tica_tess_ffi_s0027-o1-00117223-cam1-ccd1_tess_v01_img_554.1510620117188_1880.4317626953125.png,24.089343707854166,False
-42.48278640691612,12.148331488017595,data/s0027/cam1-ccd1/images/hlsp_tica_tess_ffi_s0027-o1-00116734-cam1-ccd1_tess_v01_img_978.94921875_1122.373291015625.png,9.538219218734689,False
14.406516125208837,-7.081074889567018,data/s0027/cam1-ccd1/images/hlsp_tica_tess_ffi_s0027-o1-00117058-cam1-ccd1_tess_v01_img_257.3961181640625_398.4563903808594.png,32.10250298448334,False
17.355648502914967,-0.284442186896988,data/s0027/cam1-ccd1/images/hlsp_tica_tess_ffi_s0027-o1-00117223-cam1-ccd1_tess_v01_img_181.53170776367188_1482.484619140625.png,31.082195438540197,False
20.539706613183323,5.941144091741559,data/s0027/cam1-ccd1/images/hlsp_tica_tess_ffi_s0027-o1-00116636-cam1-ccd1_tess_v01_img_470.51953125_1820.0667724609375.png,11.825273235854265,False
-25.30982436231664,0.411394965174333,data/s0027/cam1-ccd1/images/hlsp_tica_tess_ffi_s0027-o1-00117223-cam1-ccd1_tess_v01_img_737.6791381835938_736.48388671875.png,36.97881749870742,False
-13.929294906000337,-35.918306199436884,data/s0027/cam1-ccd1/images/hlsp_tica_tess_ffi_s0027-o1-00117911-cam1-ccd1_tess_v01_img_978.9374389648438_1122.4005126953125.png,22.553789328916583,False
-42.17380449300258,11.238771973698366,data/s0027/cam1-ccd1/images/hlsp_tica_tess_ffi_s0027-o1-00116517-cam1-ccd1_tess_v01_img_978.9645385742188_1122.376953125.png,11.507064736504148,False
23.76135180321588,5.975635120679354,data/s0027/cam1-ccd1/images/hlsp_tica_tess_ffi_s0027-o1-00118160-cam1-ccd1_tess_v01_img_470.5179748535156_1820.1031494140625.png,13.412822813152758,False
21.37062232616939,6.251576781952778,data/s0027/cam1-ccd1/images/hlsp_tica_tess_ffi_s0027-o1-00117582-cam1-ccd1_tess_v01_img_470.4631652832031_1820.1053466796875.png,11.1158892108629,False
-2.043233695274917,-38.02948149465548,data/s0027/cam1-ccd1/images/hlsp_tica_tess_ffi_s0027-o1-00117989-cam1-ccd1_tess_v01_img_978.9386596679688_1122.4073486328125.png,28.019394810045014,False
-41.985668147779315,10.071070234445523,data/s0027/cam1-ccd1/images/hlsp_tica_tess_ffi_s0027-o1-00117300-cam1-ccd1_tess_v01_img_978.9395141601562_1122.3826904296875.png,12.132806354417516,False
21.231909693054178,5.049793018456852,data/s0027/cam1-ccd1/images/hlsp_tica_tess_ffi_s0027-o1-00118171-cam1-ccd1_tess_v01_img_470.5210876464844_1820.1038818359375.png,9.849376149287071,False
-42.426887289983036,10.337718606948608,data/s0027/cam1-ccd1/images/hlsp_tica_tess_ffi_s0027-o1-00117223-cam1-ccd1_tess_v01_img_978.9422607421875_1122.382080078125.png,12.256767052443367,False
-41.5601571943947,10.504229022639805,data/s0027/cam1-ccd1/images/hlsp_tica_tess_ffi_s0027-o1-00117254-cam1-ccd1_tess_v01_img_978.9401245117188_1122.38427734375.png,10.984628822456965,False
3.8878144857311616,-19.271845141655735,data/s0027/cam1-ccd1/images/hlsp_tica_tess_ffi_s0027-o1-00118082-cam1-ccd1_tess_v01_img_257.3875427246094_398.4782409667969.png,40.60294609197693,False
21.785343600098606,7.376578732774987,data/s0027/cam1-ccd1/images/hlsp_tica_tess_ffi_s0027-o1-00117434-cam1-ccd1_tess_v01_img_470.4664611816406_1820.1004638671875.png,11.146285141645386,False
20.2962024064048,-7.98385046674475,data/s0027/cam1-ccd1/images/hlsp_tica_tess_ffi_s0027-o1-00117223-cam1-ccd1_tess_v01_img_2017.62744140625_958.0331420898438.png,35.29975881883971,False
19.72464305902783,2.1572698514691155,data/s0027/cam1-ccd1/images/hlsp_tica_tess_ffi_s0027-o1-00118055-cam1-ccd1_tess_v01_img_470.5048828125_1820.1009521484375.png,18.498374466525124,False
-41.645131161532,9.582343261880393,data/s0027/cam1-ccd1/images/hlsp_tica_tess_ffi_s0027-o1-00116929-cam1-ccd1_tess_v01_img_978.9473266601562_1122.3739013671875.png,12.09427868688733,False
-33.36354046314224,-10.15691136607764,data/s0027/cam1-ccd1/images/hlsp_tica_tess_ffi_s0027-o1-00118171-cam1-ccd1_tess_v01_img_978.9605102539062_1122.4007568359375.png,29.10275930220555,False
-19.793061037019964,-5.989624151917965,data/s0027/cam1-ccd1/images/hlsp_tica_tess_ffi_s0027-o1-00117223-cam1-ccd1_tess_v01_img_859.3440551757812_567.9103393554688.png,33.945956547567285,False
-12.17988933126631,-18.577603045962874,data/s0027/cam1-ccd1/images/hlsp_tica_tess_ffi_s0027-o1-00117223-cam1-ccd1_tess_v01_img_326.0985107421875_507.3306579589844.png,40.06780914482023,False
-42.807422165733655,12.11461710449744,data/s0027/cam1-ccd1/images/hlsp_tica_tess_ffi_s0027-o1-00117064-cam1-ccd1_tess_v01_img_978.9415893554688_1122.379150390625.png,10.990064365426376,False
21.672294257615846,6.396399326046004,data/s0027/cam1-ccd1/images/hlsp_tica_tess_ffi_s0027-o1-00116523-cam1-ccd1_tess_v01_img_470.53253173828125_1820.068115234375.png,11.800480149560489,False
14.149000789625987,-7.521882304380665,data/s0027/cam1-ccd1/images/hlsp_tica_tess_ffi_s0027-o1-00117223-cam1-ccd1_tess_v01_img_190.3959197998047_492.066162109375.png,29.662882000284704,False
-31.896581817142664,-0.5216463958977982,data/s0027/cam1-ccd1/images/hlsp_tica_tess_ffi_s0027-o1-00117223-cam1-ccd1_tess_v01_img_1289.3956298828125_1784.1871337890625.png,30.979812153712285,False
-9.156716804292609,-40.632915316712285,data/s0027/cam1-ccd1/images/hlsp_tica_tess_ffi_s0027-o1-00118124-cam1-ccd1_tess_v01_img_978.9515991210938_1122.4144287109375.png,23.588667634295916,False
-23.82203224403247,-9.24525896088978,data/s0027/cam1-ccd1/images/hlsp_tica_tess_ffi_s0027-o1-00117223-cam1-ccd1_tess_v01_img_696.2930908203125_291.5476379394531.png,35.24878010028159,False
20.708450546592097,4.356114072828358,data/s0027/cam1-ccd1/images/hlsp_tica_tess_ffi_s0027-o1-00116536-cam1-ccd1_tess_v01_img_470.5289306640625_1820.067626953125.png,11.237966655007789,False
19.81293888535475,-0.4191844699025198,data/s0027/cam1-ccd1/images/hlsp_tica_tess_ffi_s0027-o1-00117223-cam1-ccd1_tess_v01_img_1865.955322265625_1068.5068359375.png,27.200364329593484,False
20.897195335919797,5.631546842592777,data/s0027/cam1-ccd1/images/hlsp_tica_tess_ffi_s0027-o1-00116510-cam1-ccd1_tess_v01_img_470.5347595214844_1820.0677490234375.png,12.456691756680323,False
21.355381201621782,4.403194503840134,data/s0027/cam1-ccd1/images/hlsp_tica_tess_ffi_s0027-o1-00117381-cam1-ccd1_tess_v01_img_470.4663391113281_1820.1002197265625.png,9.431467846598052,False
21.209471042497604,5.8633930468108755,data/s0027/cam1-ccd1/images/hlsp_tica_tess_ffi_s0027-o1-00117295-cam1-ccd1_tess_v01_img_470.49969482421875_1820.0811767578125.png,10.995974423927436,False
-19.13533213956922,-18.98130587899671,data/s0027/cam1-ccd1/images/hlsp_tica_tess_ffi_s0027-o1-00118160-cam1-ccd1_tess_v01_img_978.956298828125_1122.406005859375.png,31.93610613785662,False
21.41085035173237,5.934306724767438,data/s0027/cam1-ccd1/images/hlsp_tica_tess_ffi_s0027-o1-00117393-cam1-ccd1_tess_v01_img_470.5014343261719_1820.0848388671875.png,10.288342738464012,False
-39.639384721765566,10.955850192578737,data/s0027/cam1-ccd1/images/hlsp_tica_tess_ffi_s0027-o1-00117223-cam1-ccd1_tess_v01_img_846.6253051757812_304.3663635253906.png,35.74154531729258,False
21.8674049652165,6.635285409933748,data/s0027/cam1-ccd1/images/hlsp_tica_tess_ffi_s0027-o1-00117642-cam1-ccd1_tess_v01_img_470.463623046875_1820.1082763671875.png,9.817366252289139,False
-42.56745497854114,11.027554272922695,data/s0027/cam1-ccd1/images/hlsp_tica_tess_ffi_s0027-o1-00116716-cam1-ccd1_tess_v01_img_978.9503784179688_1122.3724365234375.png,12.415504840726204,False
-5.676015962073461,-37.90393211614809,data/s0027/cam1-ccd1/images/hlsp_tica_tess_ffi_s0027-o1-00118055-cam1-ccd1_tess_v01_img_978.9437255859375_1122.4117431640625.png,25.603868067573305,False
21.544202532157115,6.511250025193948,data/s0027/cam1-ccd1/images/hlsp_tica_tess_ffi_s0027-o1-00116610-cam1-ccd1_tess_v01_img_470.52130126953125_1820.067626953125.png,13.56160283502437,False
-42.500694802103396,11.713879970046033,data/s0027/cam1-ccd1/images/hlsp_tica_tess_ffi_s0027-o1-00116839-cam1-ccd1_tess_v01_img_978.9481201171875_1122.373779296875.png,10.798902905401711,False
15.547147826581474,-5.615252563723847,data/s0027/cam1-ccd1/images/hlsp_tica_tess_ffi_s0027-o1-00117223-cam1-ccd1_tess_v01_img_257.39593505859375_398.4610595703125.png,28.68962105185341,False
-43.880504654235864,12.034028560414006,data/s0027/cam1-ccd1/images/hlsp_tica_tess_ffi_s0027-o1-00116695-cam1-ccd1_tess_v01_img_978.9530639648438_1122.3721923828125.png,12.697885555592489,False
21.509294638968623,6.394468375731968,data/s0027/cam1-ccd1/images/hlsp_tica_tess_ffi_s0027-o1-00117172-cam1-ccd1_tess_v01_img_470.50225830078125_1820.0806884765625.png,9.154656932182837,False
22.3596149434695,7.826034561218636,data/s0027/cam1-ccd1/images/hlsp_tica_tess_ffi_s0027-o1-00117236-cam1-ccd1_tess_v01_img_470.5014953613281_1820.0810546875.png,9.897600371892324,False
-37.4527765549038,10.10830247278564,data/s0027/cam1-ccd1/images/hlsp_tica_tess_ffi_s0027-o1-00117223-cam1-ccd1_tess_v01_img_1658.659423828125_1336.8668212890625.png,32.30071799932884,False
22.094577440180732,6.334534657750434,data/s0027/cam1-ccd1/images/hlsp_tica_tess_ffi_s0027-o1-00116799-cam1-ccd1_tess_v01_img_470.5127868652344_1820.0694580078125.png,11.874880787163548,False
20.29942384480913,5.013543959518263,data/s0027/cam1-ccd1/images/hlsp_tica_tess_ffi_s0027-o1-00116501-cam1-ccd1_tess_v01_img_470.5358581542969_1820.0679931640625.png,11.077878684674227,False
22.461374580135306,5.813835675421307,data/s0027/cam1-ccd1/images/hlsp_tica_tess_ffi_s0027-o1-00117851-cam1-ccd1_tess_v01_img_470.4986877441406_1820.0968017578125.png,13.712646465493963,False
-42.69921642868807,11.462320363387134,data/s0027/cam1-ccd1/images/hlsp_tica_tess_ffi_s0027-o1-00116516-cam1-ccd1_tess_v01_img_978.9642944335938_1122.377685546875.png,11.013971942099335,False
21.463377106683208,7.82577968878205,data/s0027/cam1-ccd1/images/hlsp_tica_tess_ffi_s0027-o1-00116737-cam1-ccd1_tess_v01_img_470.5138244628906_1820.06884765625.png,12.265376338292898,False
20.01578586015716,2.1812493971894167,data/s0027/cam1-ccd1/images/hlsp_tica_tess_ffi_s0027-o1-00118000-cam1-ccd1_tess_v01_img_470.5050354003906_1820.0975341796875.png,26.565788341637017,False
-40.84303519232064,9.474944493051701,data/s0027/cam1-ccd1/images/hlsp_tica_tess_ffi_s0027-o1-00117236-cam1-ccd1_tess_v01_img_978.941650390625_1122.3824462890625.png,12.252823751498585,False
22.502137845541263,7.5637213207731255,data/s0027/cam1-ccd1/images/hlsp_tica_tess_ffi_s0027-o1-00117223-cam1-ccd1_tess_v01_img_1854.3822021484375_421.64483642578125.png,25.343908041203882,False
18.00099534250741,-4.774064197271354,data/s0027/cam1-ccd1/images/hlsp_tica_tess_ffi_s0027-o1-00117223-cam1-ccd1_tess_v01_img_632.3598022460938_1938.320556640625.png,39.67254090999278,False
-7.457261611198258,-36.218536965258735,data/s0027/cam1-ccd1/images/hlsp_tica_tess_ffi_s0027-o1-00117947-cam1-ccd1_tess_v01_img_978.939453125_1122.4036865234375.png,24.402456871835447,False
-41.349012847619065,10.09244083832931,data/s0027/cam1-ccd1/images/hlsp_tica_tess_ffi_s0027-o1-00117024-cam1-ccd1_tess_v01_img_978.9412841796875_1122.378173828125.png,11.563688313533767,False
22.39819701161743,-5.045815292421359,data/s0027/cam1-ccd1/images/hlsp_tica_tess_ffi_s0027-o1-00117223-cam1-ccd1_tess_v01_img_2078.381103515625_794.3374633789062.png,43.1667932160552,False
22.380907273572728,4.2013844955398065,data/s0027/cam1-ccd1/images/hlsp_tica_tess_ffi_s0027-o1-00118150-cam1-ccd1_tess_v01_img_470.5147705078125_1820.0999755859375.png,14.125930945135805,False
7.242150199598358,-10.28983717976785,data/s0027/cam1-ccd1/images/hlsp_tica_tess_ffi_s0027-o1-00117665-cam1-ccd1_tess_v01_img_257.3858337402344_398.4710388183594.png,39.31103320485328,False
-41.79802003086442,13.813187107423314,data/s0027/cam1-ccd1/images/hlsp_tica_tess_ffi_s0027-o1-00116717-cam1-ccd1_tess_v01_img_978.9520874023438_1122.3726806640625.png,21.09790754067714,False
-39.19279195391785,5.261605379930424,data/s0027/cam1-ccd1/images/hlsp_tica_tess_ffi_s0027-o1-00117458-cam1-ccd1_tess_v01_img_978.9396362304688_1122.38720703125.png,15.786570083791418,False
22.896707996371912,6.164846625898698,data/s0027/cam1-ccd1/images/hlsp_tica_tess_ffi_s0027-o1-00117763-cam1-ccd1_tess_v01_img_470.49755859375_1820.0946044921875.png,14.169911975480042,False
15.20332628315766,-5.366229037317214,data/s0027/cam1-ccd1/images/hlsp_tica_tess_ffi_s0027-o1-00116511-cam1-ccd1_tess_v01_img_257.4263000488281_398.46380615234375.png,30.120286523276807,False
21.906219744185595,8.205650822050638,data/s0027/cam1-ccd1/images/hlsp_tica_tess_ffi_s0027-o1-00117860-cam1-ccd1_tess_v01_img_470.499267578125_1820.096435546875.png,16.80830513934702,False
-37.430409236240465,9.631034932815975,data/s0027/cam1-ccd1/images/hlsp_tica_tess_ffi_s0027-o1-00117223-cam1-ccd1_tess_v01_img_1187.263427734375_1200.932373046875.png,22.531690387816525,False
-42.69781876721269,12.334267023972114,data/s0027/cam1-ccd1/images/hlsp_tica_tess_ffi_s0027-o1-00116737-cam1-ccd1_tess_v01_img_978.950439453125_1122.37255859375.png,12.105837020743841,False
21.931192379007502,5.820531227307276,data/s0027/cam1-ccd1/images/hlsp_tica_tess_ffi_s0027-o1-00117054-cam1-ccd1_tess_v01_img_470.5037841796875_1820.07470703125.png,10.260478562024183,False
20.563128519616424,5.668402412546426,data/s0027/cam1-ccd1/images/hlsp_tica_tess_ffi_s0027-o1-00116517-cam1-ccd1_tess_v01_img_470.5315856933594_1820.0687255859375.png,12.04853654425692,False
21.493283680549975,4.092973072798884,data/s0027/cam1-ccd1/images/hlsp_tica_tess_ffi_s0027-o1-00117665-cam1-ccd1_tess_v01_img_470.4971008300781_1820.09423828125.png,11.718633598414682,False
23.825243747744807,4.840596091910401,data/s0027/cam1-ccd1/images/hlsp_tica_tess_ffi_s0027-o1-00118162-cam1-ccd1_tess_v01_img_470.5184020996094_1820.1021728515625.png,12.592352031726351,False
-41.858537230673704,10.931449072642314,data/s0027/cam1-ccd1/images/hlsp_tica_tess_ffi_s0027-o1-00116882-cam1-ccd1_tess_v01_img_978.9466552734375_1122.376220703125.png,10.773876650558655,False
-42.80991383977683,12.8198892778309,data/s0027/cam1-ccd1/images/hlsp_tica_tess_ffi_s0027-o1-00116641-cam1-ccd1_tess_v01_img_978.9529418945312_1122.3739013671875.png,12.615639388557167,False
-33.60465281812111,-3.789387601401335,data/s0027/cam1-ccd1/images/hlsp_tica_tess_ffi_s0027-o1-00117339-cam1-ccd1_tess_v01_img_978.9696044921875_1122.3751220703125.png,70.18561307687648,True
21.517967322044704,6.4844485935119955,data/s0027/cam1-ccd1/images/hlsp_tica_tess_ffi_s0027-o1-00116870-cam1-ccd1_tess_v01_img_470.5082702636719_1820.0711669921875.png,11.206955392806625,False
22.270512419125392,6.8981571228227185,data/s0027/cam1-ccd1/images/hlsp_tica_tess_ffi_s0027-o1-00117254-cam1-ccd1_tess_v01_img_470.5006103515625_1820.0826416015625.png,10.226298846464676,False
13.506599164387147,-5.959960710892078,data/s0027/cam1-ccd1/images/hlsp_tica_tess_ffi_s0027-o1-00116864-cam1-ccd1_tess_v01_img_257.4013977050781_398.4556884765625.png,30.568288555515824,False
21.324076325224713,6.690353311803624,data/s0027/cam1-ccd1/images/hlsp_tica_tess_ffi_s0027-o1-00117414-cam1-ccd1_tess_v01_img_470.46435546875_1820.1021728515625.png,10.804963017792023,False
8.912848075094427,-14.35960720155412,data/s0027/cam1-ccd1/images/hlsp_tica_tess_ffi_s0027-o1-00118148-cam1-ccd1_tess_v01_img_257.3981628417969_398.4781799316406.png,35.64209809618223,False
21.663290683229743,3.7833196584301567,data/s0027/cam1-ccd1/images/hlsp_tica_tess_ffi_s0027-o1-00118149-cam1-ccd1_tess_v01_img_470.51611328125_1820.0997314453125.png,13.56878417418628,False
20.902651204185915,5.855386156965058,data/s0027/cam1-ccd1/images/hlsp_tica_tess_ffi_s0027-o1-00116641-cam1-ccd1_tess_v01_img_470.5174865722656_1820.0682373046875.png,11.36059490625093,False
-43.07744728247376,11.561047236507905,data/s0027/cam1-ccd1/images/hlsp_tica_tess_ffi_s0027-o1-00116799-cam1-ccd1_tess_v01_img_978.9501953125_1122.372802734375.png,10.318961352255497,False
-40.65111452990845,11.147615142330897,data/s0027/cam1-ccd1/images/hlsp_tica_tess_ffi_s0027-o1-00117223-cam1-ccd1_tess_v01_img_1554.9200439453125_1337.63134765625.png,31.44486819006506,False
21.306910036609565,4.053710089938289,data/s0027/cam1-ccd1/images/hlsp_tica_tess_ffi_s0027-o1-00117953-cam1-ccd1_tess_v01_img_470.5015869140625_1820.09912109375.png,15.211228587570647,False
14.903598823574654,-5.523865687490543,data/s0027/cam1-ccd1/images/hlsp_tica_tess_ffi_s0027-o1-00116718-cam1-ccd1_tess_v01_img_257.4084167480469_398.4557800292969.png,29.414806165558257,False
-43.194094538002325,12.583431986701301,data/s0027/cam1-ccd1/images/hlsp_tica_tess_ffi_s0027-o1-00116864-cam1-ccd1_tess_v01_img_978.9457397460938_1122.37548828125.png,10.876314021820134,False
21.4601433286387,3.4366145520588938,data/s0027/cam1-ccd1/images/hlsp_tica_tess_ffi_s0027-o1-00118152-cam1-ccd1_tess_v01_img_470.51751708984375_1820.1019287109375.png,13.495184089139855,False
22.180080547286078,6.418359633196254,data/s0027/cam1-ccd1/images/hlsp_tica_tess_ffi_s0027-o1-00116695-cam1-ccd1_tess_v01_img_470.51690673828125_1820.0677490234375.png,12.983608493800022,False
-26.27994642300077,-13.940142709954271,data/s0027/cam1-ccd1/images/hlsp_tica_tess_ffi_s0027-o1-00117750-cam1-ccd1_tess_v01_img_978.9388427734375_1122.3963623046875.png,25.339980177901072,False
-42.72191297543264,11.701648941283743,data/s0027/cam1-ccd1/images/hlsp_tica_tess_ffi_s0027-o1-00117058-cam1-ccd1_tess_v01_img_978.9415893554688_1122.3775634765625.png,10.83472448787542,False
20.79004883949353,4.162046560422748,data/s0027/cam1-ccd1/images/hlsp_tica_tess_ffi_s0027-o1-00118127-cam1-ccd1_tess_v01_img_470.5125427246094_1820.099853515625.png,17.438654902356266,False
-41.53975116857338,10.934510002853148,data/s0027/cam1-ccd1/images/hlsp_tica_tess_ffi_s0027-o1-00117223-cam1-ccd1_tess_v01_img_1438.70947265625_1133.112060546875.png,23.69597257760663,False
-18.320135807952177,4.73069506429868,data/s0027/cam1-ccd1/images/hlsp_tica_tess_ffi_s0027-o1-00117223-cam1-ccd1_tess_v01_img_821.1564331054688_1091.0760498046875.png,43.79782785196071,False
21.635163340250593,7.535322272268178,data/s0027/cam1-ccd1/images/hlsp_tica_tess_ffi_s0027-o1-00117157-cam1-ccd1_tess_v01_img_470.50152587890625_1820.0794677734375.png,10.03480809339636,False
-21.94745209496901,-9.68892650719704,data/s0027/cam1-ccd1/images/hlsp_tica_tess_ffi_s0027-o1-00117223-cam1-ccd1_tess_v01_img_1547.0948486328125_861.2984008789062.png,29.54021382263033,False
-43.42321035505599,12.08359479110557,data/s0027/cam1-ccd1/images/hlsp_tica_tess_ffi_s0027-o1-00116718-cam1-ccd1_tess_v01_img_978.9501953125_1122.3729248046875.png,12.572998196852117,False
-38.90072218021404,11.810878714240527,data/s0027/cam1-ccd1/images/hlsp_tica_tess_ffi_s0027-o1-00117223-cam1-ccd1_tess_v01_img_334.0267028808594_644.6985473632812.png,35.260455776356594,False
22.947956677602292,6.855170016115205,data/s0027/cam1-ccd1/images/hlsp_tica_tess_ffi_s0027-o1-00117640-cam1-ccd1_tess_v01_img_470.4637756347656_1820.1075439453125.png,9.897749604536918,False
21.19282851382793,5.2782115568891115,data/s0027/cam1-ccd1/images/hlsp_tica_tess_ffi_s0027-o1-00117142-cam1-ccd1_tess_v01_img_470.50079345703125_1820.0782470703125.png,10.204249801492232,False
21.957018018821433,6.556595031829842,data/s0027/cam1-ccd1/images/hlsp_tica_tess_ffi_s0027-o1-00117363-cam1-ccd1_tess_v01_img_470.46588134765625_1820.0994873046875.png,10.144765829418283,False
-12.61869374897176,-17.691845286960667,data/s0027/cam1-ccd1/images/hlsp_tica_tess_ffi_s0027-o1-00117223-cam1-ccd1_tess_v01_img_683.0960083007812_94.73677825927734.png,49.203595799885605,True
-39.50849201090735,7.777416367900768,data/s0027/cam1-ccd1/images/hlsp_tica_tess_ffi_s0027-o1-00117363-cam1-ccd1_tess_v01_img_978.9390258789062_1122.3848876953125.png,12.280711868720953,False
-37.68370119671065,6.260134708724653,data/s0027/cam1-ccd1/images/hlsp_tica_tess_ffi_s0027-o1-00117223-cam1-ccd1_tess_v01_img_905.3712158203125_884.2891235351562.png,21.969580473921376,False
-18.10885129191516,-19.768141835636005,data/s0027/cam1-ccd1/images/hlsp_tica_tess_ffi_s0027-o1-00118162-cam1-ccd1_tess_v01_img_978.95654296875_1122.404541015625.png,29.430259925568446,False
-18.171916087916646,-18.5899948838644,data/s0027/cam1-ccd1/images/hlsp_tica_tess_ffi_s0027-o1-00117223-cam1-ccd1_tess_v01_img_590.5692138671875_76.8979721069336.png,50.805312158354944,True
21.474120239077678,6.459369956116824,data/s0027/cam1-ccd1/images/hlsp_tica_tess_ffi_s0027-o1-00117970-cam1-ccd1_tess_v01_img_470.5021057128906_1820.0980224609375.png,20.740980508424744,False
21.5948886105794,7.2542718347924176,data/s0027/cam1-ccd1/images/hlsp_tica_tess_ffi_s0027-o1-00116882-cam1-ccd1_tess_v01_img_470.50811767578125_1820.0728759765625.png,11.645991200977633,False
-43.49323017192363,12.505002651466816,data/s0027/cam1-ccd1/images/hlsp_tica_tess_ffi_s0027-o1-00116789-cam1-ccd1_tess_v01_img_978.9484252929688_1122.372314453125.png,9.960191793097302,False
-42.33974242154913,12.051667432490815,data/s0027/cam1-ccd1/images/hlsp_tica_tess_ffi_s0027-o1-00116523-cam1-ccd1_tess_v01_img_978.965087890625_1122.376220703125.png,15.120376927929344,False
-37.19943481735834,6.026067114318725,data/s0027/cam1-ccd1/images/hlsp_tica_tess_ffi_s0027-o1-00117223-cam1-ccd1_tess_v01_img_421.3338928222656_648.6776733398438.png,40.86206829491948,False
-41.27108426663872,9.563581401395286,data/s0027/cam1-ccd1/images/hlsp_tica_tess_ffi_s0027-o1-00117049-cam1-ccd1_tess_v01_img_978.94287109375_1122.378662109375.png,10.85945685763943,False
-36.22731652248515,12.144270429053922,data/s0027/cam1-ccd1/images/hlsp_tica_tess_ffi_s0027-o1-00117223-cam1-ccd1_tess_v01_img_1241.81787109375_121.88603210449219.png,62.8321834319033,True
21.103350974269173,6.094695701513334,data/s0027/cam1-ccd1/images/hlsp_tica_tess_ffi_s0027-o1-00116718-cam1-ccd1_tess_v01_img_470.5137939453125_1820.0677490234375.png,10.64126964550905,False
21.283505807059683,5.985425452199505,data/s0027/cam1-ccd1/images/hlsp_tica_tess_ffi_s0027-o1-00116977-cam1-ccd1_tess_v01_img_470.5046081542969_1820.0738525390625.png,10.672370634431251,False
18.696059227201456,-3.266391311294185,data/s0027/cam1-ccd1/images/hlsp_tica_tess_ffi_s0027-o1-00117223-cam1-ccd1_tess_v01_img_1910.9937744140625_1052.9503173828125.png,29.00983351782585,False
21.946472054876416,8.291475366438615,data/s0027/cam1-ccd1/images/hlsp_tica_tess_ffi_s0027-o1-00117089-cam1-ccd1_tess_v01_img_470.5041198730469_1820.074951171875.png,11.74169979465574,False
-12.598480880535762,-14.046017838540825,data/s0027/cam1-ccd1/images/hlsp_tica_tess_ffi_s0027-o1-00117223-cam1-ccd1_tess_v01_img_679.156494140625_1143.68896484375.png,34.0028445062085,False
-41.04927014236312,10.802841180714143,data/s0027/cam1-ccd1/images/hlsp_tica_tess_ffi_s0027-o1-00117223-cam1-ccd1_tess_v01_img_1415.9375_1279.3021240234375.png,26.882365756371414,False
21.37641958188488,6.993605060982337,data/s0027/cam1-ccd1/images/hlsp_tica_tess_ffi_s0027-o1-00117292-cam1-ccd1_tess_v01_img_470.5010070800781_1820.0830078125.png,10.419463486015474,False
-41.47890489137432,10.841979164230567,data/s0027/cam1-ccd1/images/hlsp_tica_tess_ffi_s0027-o1-00117157-cam1-ccd1_tess_v01_img_978.9411010742188_1122.3809814453125.png,10.15382734168482,False
21.055535112028952,4.250519280672664,data/s0027/cam1-ccd1/images/hlsp_tica_tess_ffi_s0027-o1-00117223-cam1-ccd1_tess_v01_img_221.07992553710938_1082.243408203125.png,25.474912062434747,False
16.14887687064371,-4.918241423835129,data/s0027/cam1-ccd1/images/hlsp_tica_tess_ffi_s0027-o1-00116734-cam1-ccd1_tess_v01_img_257.40631103515625_398.4554748535156.png,27.834072596332646,False
-4.327870195050495,-38.15543678624703,data/s0027/cam1-ccd1/images/hlsp_tica_tess_ffi_s0027-o1-00117970-cam1-ccd1_tess_v01_img_978.9388427734375_1122.4052734375.png,27.611002114632644,False
-9.950541176572502,-16.484365386672124,data/s0027/cam1-ccd1/images/hlsp_tica_tess_ffi_s0027-o1-00117223-cam1-ccd1_tess_v01_img_1813.712890625_411.9302062988281.png,25.989436632262866,False
3.3915478858775154,-16.154469421944,data/s0027/cam1-ccd1/images/hlsp_tica_tess_ffi_s0027-o1-00117911-cam1-ccd1_tess_v01_img_257.3808288574219_398.4741516113281.png,41.14418919689507,False
-40.207031898317304,10.528779737684536,data/s0027/cam1-ccd1/images/hlsp_tica_tess_ffi_s0027-o1-00117353-cam1-ccd1_tess_v01_img_978.9387817382812_1122.3861083984375.png,12.119659274292557,False
-25.304408139132853,-14.672598796879113,data/s0027/cam1-ccd1/images/hlsp_tica_tess_ffi_s0027-o1-00117778-cam1-ccd1_tess_v01_img_978.9376831054688_1122.3970947265625.png,23.244883338029926,False
21.40486436595756,4.720722591552092,data/s0027/cam1-ccd1/images/hlsp_tica_tess_ffi_s0027-o1-00117778-cam1-ccd1_tess_v01_img_470.49676513671875_1820.0955810546875.png,11.232702433179009,False
20.948405064802312,6.375733245718595,data/s0027/cam1-ccd1/images/hlsp_tica_tess_ffi_s0027-o1-00116656-cam1-ccd1_tess_v01_img_470.5177307128906_1820.068115234375.png,11.053647720895395,False
21.438105155971435,6.136501404898247,data/s0027/cam1-ccd1/images/hlsp_tica_tess_ffi_s0027-o1-00116716-cam1-ccd1_tess_v01_img_470.51397705078125_1820.0687255859375.png,10.510316924849356,False
16.00960932223471,-15.220458458853008,data/s0027/cam1-ccd1/images/hlsp_tica_tess_ffi_s0027-o1-00117223-cam1-ccd1_tess_v01_img_77.70980834960938_762.9010620117188.png,40.100168622113955,False
22.051878227059063,7.221174886095018,data/s0027/cam1-ccd1/images/hlsp_tica_tess_ffi_s0027-o1-00116864-cam1-ccd1_tess_v01_img_470.5078430175781_1820.072509765625.png,11.415331770262863,False
26.49061485777364,0.14248654072748393,data/s0027/cam1-ccd1/images/hlsp_tica_tess_ffi_s0027-o1-00117223-cam1-ccd1_tess_v01_img_1864.1466064453125_1557.981689453125.png,37.88844986401488,False
16.130864657305704,-3.1860416705398507,data/s0027/cam1-ccd1/images/hlsp_tica_tess_ffi_s0027-o1-00116517-cam1-ccd1_tess_v01_img_257.42535400390625_398.4629211425781.png,28.4161156177298,False
20.79282187748688,4.8644326432949265,data/s0027/cam1-ccd1/images/hlsp_tica_tess_ffi_s0027-o1-00117880-cam1-ccd1_tess_v01_img_470.4994201660156_1820.0958251953125.png,14.187695386091072,False
22.8200608668374,5.1480766029745855,data/s0027/cam1-ccd1/images/hlsp_tica_tess_ffi_s0027-o1-00117787-cam1-ccd1_tess_v01_img_470.49761962890625_1820.0946044921875.png,12.242278219057795,False
-14.426934000685238,0.9414226639673778,data/s0027/cam1-ccd1/images/hlsp_tica_tess_ffi_s0027-o1-00117223-cam1-ccd1_tess_v01_img_1550.7734375_1672.7213134765625.png,45.532712963629706,True
-41.56666614181067,10.212876488797523,data/s0027/cam1-ccd1/images/hlsp_tica_tess_ffi_s0027-o1-00117054-cam1-ccd1_tess_v01_img_978.9425659179688_1122.376708984375.png,11.879156098500065,False
-40.81375083011312,9.74573057326772,data/s0027/cam1-ccd1/images/hlsp_tica_tess_ffi_s0027-o1-00117292-cam1-ccd1_tess_v01_img_978.9412231445312_1122.383544921875.png,11.857932498587795,False
